company_name,Job_Position,Questions,Answers
Wipro,Machine Learning,What is the difference between a parametric and a non-parametric model?,"Parametric models assume a specific form for the function, while non-parametric models do not make such assumptions."
Wipro,Machine Learning,Explain the concept of gradient descent and its variants.,Gradient descent is an optimization algorithm used to minimize a function by iteratively moving towards the steepest descent.
Wipro,Machine Learning,What is feature engineering and why is it important?,Feature engineering involves creating new features or modifying existing ones to improve model performance.
Wipro,Machine Learning,How do you handle imbalanced datasets?,"Imbalanced datasets can be handled using techniques like resampling, SMOTE, or adjusting class weights."
Wipro,Machine Learning,What is the role of a hyperparameter in machine learning?,Hyperparameters are configuration settings used to tune the performance of machine learning models.
Wipro,Machine Learning,Explain the concept of ensemble learning.,Ensemble learning combines predictions from multiple models to improve overall performance.
Wipro,Machine Learning,How does a decision tree algorithm work?,"A decision tree splits data into subsets based on feature values, forming a tree-like structure."
Wipro,Machine Learning,What is the k-nearest neighbors algorithm?,The k-nearest neighbors algorithm classifies data points based on the majority class of their nearest neighbors.
Wipro,Machine Learning,Describe how a support vector machine works.,A support vector machine finds the hyperplane that best separates different classes in the feature space.
Wipro,Machine Learning,How do you assess the performance of a regression model?,"The performance of a regression model is assessed using metrics like RMSE, MAE, and R^2 score."
Wipro,NLP,What are the challenges in NLP?,"Challenges in NLP include handling ambiguity, understanding context, and processing diverse languages."
Wipro,NLP,Explain the concept of bag-of-words.,Bag-of-words is a representation of text data where each word is represented by its frequency in the document.
Wipro,NLP,What is a POS tagger and how does it work?,"A POS tagger assigns parts of speech (e.g., noun, verb) to each word in a sentence."
Wipro,NLP,Describe the term 'sentiment analysis'.,"Sentiment analysis involves determining the sentiment expressed in a text, such as positive, negative, or neutral."
Wipro,NLP,What is the difference between rule-based NLP and statistical NLP?,"Rule-based NLP relies on predefined linguistic rules, while statistical NLP uses machine learning models."
Wipro,NLP,Explain the use of recurrent neural networks in NLP.,Recurrent neural networks (RNNs) are used in NLP to process sequences of text by maintaining a memory of previous inputs.
Wipro,NLP,What is attention mechanism in NLP models?,The attention mechanism in NLP models helps focus on specific parts of the input sequence when generating outputs.
Wipro,NLP,How do you preprocess text data for NLP tasks?,"Preprocessing text data for NLP tasks includes tokenization, stemming, lemmatization, and removing stop words."
Wipro,NLP,What are sequence-to-sequence models?,"Sequence-to-sequence models are used for tasks like translation, where an input sequence is transformed into an output sequence."
Wipro,NLP,Explain the concept of topic modeling.,Topic modeling identifies the underlying themes or topics in a collection of documents.
Wipro,Python,What are the differences between Python 2 and Python 3?,"Python 3 introduced several improvements over Python 2, such as better Unicode support and improved syntax."
Wipro,Python,How do you use list slicing in Python?,List slicing in Python allows you to extract a portion of a list using the format list[start:stop:step].
Wipro,Python,What is a Python dictionary and how do you use it?,"A Python dictionary is a collection of key-value pairs, where each key is unique."
Wipro,Python,Explain the concept of Python's GIL (Global Interpreter Lock).,"Python's GIL is a mutex that protects access to Python objects, preventing multiple threads from executing Python bytecodes simultaneously."
Wipro,Python,What are metaclasses in Python?,"Metaclasses in Python are classes of classes, used to control class creation and behavior."
Wipro,Python,How do you handle memory management in Python?,"Memory management in Python is handled by the garbage collector, which automatically frees up memory."
Wipro,Python,What is the use of 'self' in Python classes?,'self' in Python classes refers to the instance of the class and is used to access instance variables and methods.
Wipro,Python,Explain the difference between @staticmethod and @classmethod.,"@staticmethod is used to define methods that do not require access to the class or instance, while @classmethod methods receive the class as the first argument."
Wipro,Python,How do you debug a Python program?,"Debugging a Python program can be done using tools like pdb, logging, and IDEs with built-in debuggers."
Wipro,Python,What are Python's built-in functions?,"Python's built-in functions include len(), type(), range(), map(), and many others."
Wipro,Data Analytics,What is the importance of data quality in analytics?,Data quality is crucial in analytics as it directly impacts the accuracy and reliability of insights.
Wipro,Data Analytics,How do you perform data normalization?,"Data normalization scales numerical data to a common range, typically using min-max scaling or z-score standardization."
Wipro,Data Analytics,What is the role of a data analyst in a company?,"A data analyst's role is to collect, process, and analyze data to help make informed business decisions."
Wipro,Data Analytics,Explain the concept of A/B testing.,A/B testing compares two versions of a variable to determine which performs better.
Wipro,Data Analytics,What are some common data aggregation techniques?,"Data aggregation techniques include summing, averaging, and grouping data based on specific criteria."
Wipro,Data Analytics,How do you use SQL in data analytics?,SQL is used in data analytics for querying and manipulating relational databases.
Wipro,Data Analytics,What is the difference between a data warehouse and a data lake?,"A data warehouse is designed for storing large volumes of structured data, while a data lake can store both structured and unstructured data."
Wipro,Data Analytics,Explain the concept of time series forecasting.,Time series forecasting predicts future values based on previously observed values.
Wipro,Data Analytics,How do you create a dashboard for data visualization?,Creating a dashboard involves using visualization tools like Tableau or Power BI to present data insights interactively.
Wipro,Data Analytics,What are some common challenges in data analytics projects?,"Common challenges in data analytics projects include data quality issues, integrating multiple data sources, and ensuring data privacy."
Wipro,Data Science,How do you choose the right evaluation metric for a data science model?,"The choice of evaluation metric depends on the problem type, such as accuracy for classification or RMSE for regression."
Wipro,Data Science,What is feature selection and why is it important?,Feature selection involves selecting the most relevant features to improve model performance and reduce overfitting.
Wipro,Data Science,Explain the concept of neural networks.,"Neural networks are a set of algorithms modeled after the human brain, used to recognize patterns and relationships in data."
Wipro,Data Science,How do you handle categorical data in machine learning?,"Categorical data can be handled using techniques like one-hot encoding, label encoding, or embedding."
Wipro,Data Science,What are the differences between bagging and boosting?,"Bagging reduces variance by averaging predictions from multiple models, while boosting reduces bias by combining weak learners."
Wipro,Data Science,Explain the importance of cross-validation in model evaluation.,Cross-validation is important for evaluating a model's performance on unseen data.
Wipro,Data Science,How do you implement a recommendation system?,"A recommendation system can be implemented using collaborative filtering, content-based filtering, or hybrid methods."
Wipro,Data Science,What is the difference between batch and online learning?,"Batch learning processes the entire dataset at once, while online learning updates the model incrementally with each data point."
Wipro,Data Science,How do you ensure the reproducibility of your data science experiments?,"Reproducibility in data science experiments is ensured by using version control, documenting workflows, and sharing data and code."
Wipro,Data Science,What is anomaly detection and how is it used in data science?,"Anomaly detection identifies unusual patterns or outliers in data, useful in fraud detection and monitoring systems."
Infosys,Machine Learning,What is the difference between supervised and unsupervised learning?,"Supervised learning involves labeled data, while unsupervised learning involves unlabeled data."
Infosys,Machine Learning,Explain the concept of overfitting and how to prevent it.,"Overfitting occurs when a model learns noise instead of the signal. It can be prevented using cross-validation, regularization, and pruning."
Infosys,Machine Learning,What is a confusion matrix and how is it used?,A confusion matrix is a table used to evaluate the performance of a classification model by comparing predicted and actual values.
Infosys,Machine Learning,How do you choose the right machine learning algorithm for your problem?,"The choice of algorithm depends on the problem type, data size, interpretability, training time, and performance requirements."
Infosys,Machine Learning,What is cross-validation and why is it important?,Cross-validation is a technique to assess the generalizability of a model by dividing data into training and validation sets.
Infosys,Machine Learning,Describe the bias-variance tradeoff.,The bias-variance tradeoff involves balancing underfitting (high bias) and overfitting (high variance).
Infosys,Machine Learning,What are precision and recall? How are they calculated?,Precision is the ratio of true positives to total predicted positives. Recall is the ratio of true positives to total actual positives.
Infosys,Machine Learning,Explain the concept of regularization in machine learning.,Regularization adds a penalty to the loss function to prevent overfitting by discouraging complex models.
Infosys,Machine Learning,What is a ROC curve and what does it represent?,"A ROC curve plots true positive rate against false positive rate, representing a model's performance across different thresholds."
Infosys,Machine Learning,How do you handle missing data in a dataset?,"Missing data can be handled by imputation, deletion, or using algorithms that support missing values."
Infosys,NLP,What is tokenization in NLP?,Tokenization is the process of splitting text into individual words or tokens.
Infosys,NLP,Explain the difference between stemming and lemmatization.,"Stemming reduces words to their root form, while lemmatization reduces words to their base or dictionary form."
Infosys,NLP,What is TF-IDF and how is it used?,"TF-IDF stands for Term Frequency-Inverse Document Frequency, a statistic that reflects the importance of a word in a document relative to a collection."
Infosys,NLP,Describe the architecture of a Transformer model.,A Transformer model uses self-attention mechanisms to process sequences of data in parallel.
Infosys,NLP,What is word embedding and why is it important in NLP?,"Word embedding is a technique to map words into continuous vector space, capturing semantic meanings."
Infosys,NLP,How do you evaluate the performance of an NLP model?,"Performance of NLP models can be evaluated using metrics like accuracy, precision, recall, F1-score, and BLEU score."
Infosys,NLP,What are stop words and why are they removed?,"Stop words are common words (e.g., 'the', 'is') that are often removed to reduce noise in text data."
Infosys,NLP,Explain the concept of Named Entity Recognition (NER).,"Named Entity Recognition (NER) identifies and classifies entities (e.g., names, dates) in text."
Infosys,NLP,What is a language model?,"A language model predicts the probability of a sequence of words, useful in generating and understanding text."
Infosys,NLP,How do you handle out-of-vocabulary words in NLP?,Out-of-vocabulary words can be handled using techniques like subword tokenization or using unknown tokens.
Infosys,Python,What are Python's built-in data types?,"Python's built-in data types include int, float, str, list, tuple, dict, set, and bool."
Infosys,Python,Explain the concept of list comprehensions in Python.,List comprehensions provide a concise way to create lists using a single line of code.
Infosys,Python,How do you handle exceptions in Python?,"Exceptions in Python are handled using try, except, else, and finally blocks."
Infosys,Python,What are decorators in Python and how are they used?,Decorators are functions that modify the behavior of other functions or methods.
Infosys,Python,Explain the difference between deep copy and shallow copy in Python.,"A deep copy creates a new object and recursively copies all objects, while a shallow copy copies references to the objects."
Infosys,Python,How do you work with files in Python?,"Files in Python are handled using open(), read(), write(), and close() functions."
Infosys,Python,What is the use of the 'with' statement in Python?,"The 'with' statement is used for resource management, ensuring proper acquisition and release of resources."
Infosys,Python,How do you manage packages in Python?,Packages in Python are managed using pip and virtual environments.
Infosys,Python,Explain the concept of generators in Python.,Generators in Python are functions that return an iterator and can be used to generate sequences of values lazily.
Infosys,Python,What are lambda functions in Python?,Lambda functions are small anonymous functions defined using the lambda keyword.
Infosys,Data Analytics,What is the difference between data analysis and data analytics?,"Data analysis involves inspecting, cleaning, and modeling data, while data analytics focuses on applying statistical techniques to derive insights."
Infosys,Data Analytics,How do you clean and preprocess data?,"Data cleaning involves handling missing values, removing duplicates, and correcting errors in the dataset."
Infosys,Data Analytics,What are the key steps in a data analytics project?,"Key steps in a data analytics project include data collection, cleaning, exploration, modeling, and interpretation."
Infosys,Data Analytics,Explain the concept of exploratory data analysis (EDA).,Exploratory data analysis (EDA) involves summarizing the main characteristics of data often using visual methods.
Infosys,Data Analytics,What are some common data visualization techniques?,"Common data visualization techniques include histograms, bar charts, scatter plots, and box plots."
Infosys,Data Analytics,How do you handle outliers in a dataset?,"Outliers can be handled by removing them, transforming the data, or using robust statistical methods."
Infosys,Data Analytics,What is a pivot table and how is it used?,A pivot table is a data summarization tool used in spreadsheets and databases.
Infosys,Data Analytics,Explain the concept of correlation and covariance.,"Correlation measures the strength of a linear relationship between two variables, while covariance indicates the direction of this relationship."
Infosys,Data Analytics,What are the different types of data distributions?,"Types of data distributions include normal, binomial, Poisson, and uniform distributions."
Infosys,Data Analytics,How do you perform hypothesis testing in data analytics?,Hypothesis testing involves making inferences about populations based on sample data using tests like t-tests and chi-square tests.
Infosys,Data Science,What is the CRISP-DM process in data science?,"The CRISP-DM process involves business understanding, data understanding, data preparation, modeling, evaluation, and deployment."
Infosys,Data Science,How do you select important features for a model?,"Important features can be selected using techniques like feature importance scores, correlation matrices, and recursive feature elimination."
Infosys,Data Science,Explain the difference between classification and regression.,"Classification involves predicting categorical labels, while regression predicts continuous values."
Infosys,Data Science,What is the purpose of dimensionality reduction?,"Dimensionality reduction reduces the number of features in a dataset, improving model performance and reducing overfitting."
Infosys,Data Science,How do you validate a data science model?,"Model validation is performed using techniques like cross-validation, holdout validation, and bootstrapping."
Infosys,Data Science,What are ensemble methods in machine learning?,"Ensemble methods combine multiple models to improve overall performance, e.g., bagging and boosting."
Infosys,Data Science,Explain the concept of clustering in data science.,Clustering groups similar data points together based on feature similarity.
Infosys,Data Science,What is time series analysis?,Time series analysis involves analyzing data points collected or recorded at specific time intervals.
Infosys,Data Science,How do you interpret the results of a data science model?,"Interpreting model results involves understanding metrics like accuracy, precision, recall, and analyzing model outputs."
Infosys,Data Science,What are some common pitfalls in data science projects?,"Common pitfalls in data science projects include data leakage, overfitting, and ignoring domain knowledge."
TCS,ML,What is the difference between supervised and unsupervised learning?,"Supervised learning involves training a model on labeled data, whereas unsupervised learning involves training a model on unlabeled data."
TCS,ML,What is overfitting and how can you prevent it?,"Overfitting occurs when a model learns the training data too well, including noise. It can be prevented by using techniques such as cross-validation, pruning, regularization, and using more training data."
TCS,ML,Explain the bias-variance tradeoff.,The bias-variance tradeoff is the balance between a model's ability to minimize bias and variance. Low bias can lead to underfitting and low variance can lead to overfitting.
TCS,ML,What is a confusion matrix and how is it used?,A confusion matrix is a table used to evaluate the performance of a classification model by comparing the actual and predicted classifications.
TCS,NLP,What is tokenization in NLP?,Tokenization is the process of splitting text into individual words or phrases called tokens.
TCS,NLP,Explain the concept of word embeddings.,"Word embeddings are vector representations of words that capture their meanings, semantics, and relationships with other words."
TCS,NLP,What is the difference between Bag of Words and TF-IDF?,"Bag of Words is a representation of text that describes the occurrence of words within a document, while TF-IDF also considers the importance of the word by looking at its frequency and inverse document frequency."
TCS,NLP,What is named entity recognition (NER)?,"Named entity recognition (NER) is the process of identifying and classifying named entities (such as people, organizations, locations) in text."
TCS,Python,What are Python decorators and how are they used?,Python decorators are functions that modify the behavior of other functions or methods. They are used to add functionality to an existing code.
TCS,Python,Explain the difference between lists and tuples in Python.,"Lists are mutable sequences, while tuples are immutable sequences."
TCS,Python,What is the purpose of the 'self' keyword in Python?,'self' is used in instance methods to refer to the instance of the class.
TCS,Python,How does Python's garbage collection work?,Python uses reference counting and a cyclic garbage collector to manage memory automatically.
TCS,Data Science,What is the CRISP-DM methodology?,"CRISP-DM stands for Cross-Industry Standard Process for Data Mining, which is a process model with six phases that describes the life cycle of a data science project."
TCS,Data Science,Explain the concept of cross-validation.,"Cross-validation is a technique for assessing how a predictive model will generalize to an independent dataset. It involves partitioning the data into complementary subsets, training the model on one subset, and validating it on the other."
TCS,Data Science,What is a confusion matrix and how is it used in classification problems?,A confusion matrix is used to describe the performance of a classification model by presenting a summary of the correct and incorrect classifications.
TCS,Data Science,Describe the difference between Type I and Type II errors.,"Type I error (false positive) occurs when a true null hypothesis is incorrectly rejected, while Type II error (false negative) occurs when a false null hypothesis is not rejected."
TCS,Data Analytics,What are the different types of data analytics?,"The different types of data analytics are descriptive analytics, diagnostic analytics, predictive analytics, and prescriptive analytics."
TCS,Data Analytics,Explain the difference between descriptive and inferential statistics.,"Descriptive statistics summarize the main features of a dataset, whereas inferential statistics make predictions or inferences about a population based on a sample of data."
TCS,Data Analytics,What is hypothesis testing in data analytics?,Hypothesis testing is a statistical method used to make decisions about the properties of a population based on a sample.
TCS,Data Analytics,How do you handle missing data in a dataset?,"Missing data can be handled by techniques such as deletion, mean/mode/median imputation, or more advanced methods like K-nearest neighbors or multiple imputation."
HCL Technologies,Machine Learning,What is the difference between supervised and unsupervised learning?,Supervised learning uses labeled data to train models
HCL Technologies,Machine Learning,What is overfitting and how can you prevent it?,Overfitting occurs when a model learns the training data too well and fails to generalize to new data. It can be prevented by using techniques like cross-validation
HCL Technologies,Machine Learning,Explain the concept of cross-validation.,Cross-validation is a technique used to assess the performance of a model by splitting the data into training and testing sets multiple times and averaging the results.
HCL Technologies,Machine Learning,What is a confusion matrix?,A confusion matrix is a table used to evaluate the performance of a classification model by comparing the actual and predicted values.
HCL Technologies,Machine Learning,What is the difference between bagging and boosting?,Bagging involves training multiple models in parallel on different subsets of data
HCL Technologies,Machine Learning,What are the advantages of using decision trees?,Decision trees are easy to interpret
HCL Technologies,Machine Learning,What is gradient descent?,Gradient descent is an optimization algorithm used to minimize the loss function of a model by iteratively updating the model parameters in the direction of the steepest descent.
HCL Technologies,Machine Learning,Explain the concept of feature selection.,Feature selection involves choosing the most relevant features from the dataset to improve the performance of a model and reduce overfitting.
HCL Technologies,Machine Learning,What is the bias-variance tradeoff?,The bias-variance tradeoff is the balance between the error introduced by bias (simplifying assumptions) and variance (sensitivity to training data) in a model.
HCL Technologies,Machine Learning,What is a support vector machine (SVM)?,A support vector machine is a supervised learning algorithm used for classification and regression tasks. It finds the optimal hyperplane that maximizes the margin between different classes.
HCL Technologies,Natural Language Processing,What is tokenization in NLP?,Tokenization is the process of splitting text into individual words or tokens.
HCL Technologies,Natural Language Processing,Explain the concept of word embeddings.,Word embeddings are vector representations of words that capture their meanings and relationships in a continuous vector space.
HCL Technologies,Natural Language Processing,What is the difference between stemming and lemmatization?,Stemming reduces words to their root form by removing suffixes
HCL Technologies,Natural Language Processing,What is a Bag of Words (BoW) model?,A Bag of Words model represents text as a collection of words without considering their order or context.
HCL Technologies,Natural Language Processing,What is TF-IDF?,TF-IDF (Term Frequency-Inverse Document Frequency) is a numerical statistic that reflects the importance of a word in a document relative to a collection of documents.
HCL Technologies,Natural Language Processing,Explain the concept of Named Entity Recognition (NER).,Named Entity Recognition is a technique used to identify and classify entities such as names
HCL Technologies,Natural Language Processing,What is the purpose of part-of-speech (POS) tagging?,POS tagging assigns part-of-speech labels (e.g.
HCL Technologies,Natural Language Processing,What are stop words?,Stop words are common words (e.g.
HCL Technologies,Natural Language Processing,Explain the concept of sentiment analysis.,Sentiment analysis is the process of determining the sentiment or emotional tone of a piece of text
HCL Technologies,Natural Language Processing,What is a language model?,A language model is a probabilistic model used to predict the likelihood of a sequence of words in a language.
HCL Technologies,Python,What are Python decorators?,Python decorators are functions that modify the behavior of other functions or methods.
HCL Technologies,Python,Explain the concept of list comprehensions in Python.,List comprehensions provide a concise way to create lists using a single line of code.
HCL Technologies,Python,What is the difference between 'append' and 'extend' methods in a list?,'Append' adds a single element to the end of a list
HCL Technologies,Python,What is a lambda function?,A lambda function is an anonymous
HCL Technologies,Python,What are Python generators?,Generators are functions that return an iterable sequence of values using the 'yield' keyword.
HCL Technologies,Python,What is the purpose of the 'with' statement in Python?,The 'with' statement is used to simplify exception handling and ensure proper resource management
HCL Technologies,Python,How does Python manage memory?,Python uses automatic memory management
HCL Technologies,Python,What are Python modules and packages?,Modules are individual Python files containing code
HCL Technologies,Python,What is the Global Interpreter Lock (GIL)?,The GIL is a mutex that protects access to Python objects
HCL Technologies,Python,What is the difference between 'deep copy' and 'shallow copy'?,A shallow copy creates a new object but inserts references into it to the objects found in the original
HCL Technologies,Data Analytics,What is the purpose of data normalization?,Data normalization scales numerical data to a standard range
HCL Technologies,Data Analytics,Explain the concept of data imputation.,Data imputation involves replacing missing values with substituted values
HCL Technologies,Data Analytics,What is the difference between descriptive and inferential statistics?,Descriptive statistics summarize and describe data
HCL Technologies,Data Analytics,What is a time series analysis?,Time series analysis involves analyzing data points collected or recorded at specific time intervals to identify trends
HCL Technologies,Data Analytics,What is hypothesis testing?,Hypothesis testing is a statistical method used to determine if there is enough evidence to reject a null hypothesis in favor of an alternative hypothesis.
HCL Technologies,Data Analytics,Explain the concept of correlation.,Correlation measures the strength and direction of the linear relationship between two variables.
HCL Technologies,Data Analytics,What is the purpose of a scatter plot?,A scatter plot visualizes the relationship between two numerical variables by displaying data points on a two-dimensional graph.
HCL Technologies,Data Analytics,What is a p-value?,A p-value is the probability of obtaining results at least as extreme as the observed results
HCL Technologies,Data Analytics,What is the difference between regression and classification?,Regression predicts continuous numerical values
HCL Technologies,Data Analytics,What are the main steps in the data cleaning process?,Data cleaning involves identifying and handling missing values
HCL Technologies,Data Science,What is the CRISP-DM process?,CRISP-DM (Cross-Industry Standard Process for Data Mining) is a widely used data science methodology consisting of six phases: business understanding
HCL Technologies,Data Science,What is the role of a data scientist?,A data scientist analyzes and interprets complex data to help organizations make informed decisions and solve business problems.
HCL Technologies,Data Science,Explain the concept of feature engineering.,Feature engineering involves creating new features or modifying existing ones to improve the performance of machine learning models.
HCL Technologies,Data Science,What is the difference between a data lake and a data warehouse?,A data lake stores raw
HCL Technologies,Data Science,What is the importance of data visualization?,Data visualization helps communicate insights
HCL Technologies,Data Science,Explain the concept of A/B testing.,A/B testing is an experimental method used to compare two versions of a variable to determine which one performs better.
HCL Technologies,Data Science,What are the main differences between R and Python for data science?,R is primarily used for statistical analysis and visualization
HCL Technologies,Data Science,What is the purpose of exploratory data analysis (EDA)?,EDA involves summarizing and visualizing the main characteristics of a dataset to uncover patterns
HCL Technologies,Data Science,What is machine learning?,Machine learning is a subset of artificial intelligence that involves training algorithms to learn patterns and make predictions from data.
HCL Technologies,Data Science,Explain the concept of Big Data.,Big Data refers to extremely large datasets that cannot be easily managed
KPIT Tech,ML,What is supervised learning?,Supervised learning is a type of machine learning where the model is trained on labeled data.
KPIT Tech,ML,Explain overfitting and how to prevent it.,"Overfitting occurs when a model learns the noise in the training data. It can be prevented by using techniques such as cross-validation, pruning, and regularization."
KPIT Tech,ML,What is the bias-variance tradeoff?,"The bias-variance tradeoff is the balance between the error introduced by bias and the error introduced by variance. High bias can lead to underfitting, while high variance can lead to overfitting."
KPIT Tech,ML,What are some common algorithms for classification?,"Common classification algorithms include logistic regression, decision trees, random forests, support vector machines, and k-nearest neighbors."
KPIT Tech,ML,Explain the difference between classification and regression.,"Classification is the task of predicting a discrete label, while regression is the task of predicting a continuous value."
KPIT Tech,ML,What is a confusion matrix?,"A confusion matrix is a table used to evaluate the performance of a classification algorithm. It shows the true positives, false positives, true negatives, and false negatives."
KPIT Tech,ML,What is the ROC curve?,The ROC curve is a graphical representation of the performance of a classification model. It shows the tradeoff between the true positive rate and the false positive rate.
KPIT Tech,ML,What is cross-validation?,Cross-validation is a technique used to evaluate the performance of a model by splitting the data into training and validation sets multiple times.
KPIT Tech,ML,What is a neural network?,"A neural network is a computational model inspired by the human brain, consisting of layers of interconnected nodes."
KPIT Tech,ML,Explain the concept of gradient descent.,Gradient descent is an optimization algorithm used to minimize the loss function by iteratively updating the model parameters in the direction of the steepest descent.
KPIT Tech,NLP,What is tokenization in NLP?,"Tokenization is the process of splitting text into individual tokens, such as words or phrases."
KPIT Tech,NLP,Explain the concept of stemming.,Stemming is the process of reducing words to their root form by removing suffixes.
KPIT Tech,NLP,What is named entity recognition (NER)?,"Named entity recognition is a technique used to identify and classify named entities, such as people, organizations, and locations, in text."
KPIT Tech,NLP,What is the difference between NLP and NLU?,"NLP (Natural Language Processing) focuses on processing and analyzing text, while NLU (Natural Language Understanding) focuses on understanding the meaning and context of the text."
KPIT Tech,NLP,What is sentiment analysis?,Sentiment analysis is the process of determining the sentiment or emotion expressed in a piece of text.
KPIT Tech,NLP,Explain the concept of word embeddings.,Word embeddings are dense vector representations of words that capture their semantic meaning and relationships.
KPIT Tech,NLP,What is the purpose of a stop word list?,"A stop word list contains common words, such as 'the' and 'and', that are typically removed from text before processing to reduce noise."
KPIT Tech,NLP,What is the bag-of-words model?,"The bag-of-words model is a representation of text where each document is described by the frequency of its words, ignoring grammar and word order."
KPIT Tech,NLP,What is the difference between precision and recall?,"Precision is the ratio of true positive predictions to the total predicted positives, while recall is the ratio of true positive predictions to the total actual positives."
KPIT Tech,NLP,What is the role of a language model?,A language model is used to predict the probability of a sequence of words and is essential for tasks such as text generation and machine translation.
KPIT Tech,Python,What is the difference between a list and a tuple?,"A list is mutable, while a tuple is immutable."
KPIT Tech,Python,How do you handle exceptions in Python?,"Exceptions are handled using try, except, else, and finally blocks."
KPIT Tech,Python,What are Python decorators?,Decorators are functions that modify the behavior of another function without changing its code.
KPIT Tech,Python,Explain the concept of list comprehension.,List comprehension is a concise way to create lists using a single line of code.
KPIT Tech,Python,What is a lambda function?,A lambda function is an anonymous function defined with the lambda keyword.
KPIT Tech,Python,How do you read and write files in Python?,"Files are read and written using the open() function along with methods like read(), write(), and close()."
KPIT Tech,Python,What are Python generators?,Generators are functions that return an iterator and are used to generate a sequence of values lazily.
KPIT Tech,Python,Explain the use of the 'with' statement.,"The 'with' statement is used for resource management, ensuring that resources are properly cleaned up after use."
KPIT Tech,Python,What is the purpose of the 'self' keyword in classes?,'self' refers to the instance of the class and is used to access its attributes and methods.
KPIT Tech,Python,What is the Global Interpreter Lock (GIL) in Python?,"The GIL is a mutex that protects access to Python objects, preventing multiple native threads from executing Python bytecodes simultaneously."
KPIT Tech,Data Analytics,What is the difference between descriptive and inferential statistics?,"Descriptive statistics summarize data, while inferential statistics make predictions or inferences about a population based on a sample."
KPIT Tech,Data Analytics,Explain the concept of correlation.,Correlation measures the strength and direction of the relationship between two variables.
KPIT Tech,Data Analytics,What is a p-value?,"A p-value is the probability of obtaining an effect at least as extreme as the one observed, assuming the null hypothesis is true."
KPIT Tech,Data Analytics,What is the difference between a histogram and a bar chart?,"A histogram represents the distribution of numerical data, while a bar chart represents categorical data."
KPIT Tech,Data Analytics,What is the purpose of data normalization?,"Data normalization scales data to a standard range, improving the performance of certain algorithms."
KPIT Tech,Data Analytics,Explain the concept of hypothesis testing.,Hypothesis testing is a statistical method used to determine if there is enough evidence to reject a null hypothesis.
KPIT Tech,Data Analytics,What is a time series analysis?,Time series analysis involves analyzing data points collected or recorded at specific time intervals to identify trends and patterns.
KPIT Tech,Data Analytics,What is a confidence interval?,A confidence interval is a range of values that is likely to contain the true population parameter with a certain level of confidence.
KPIT Tech,Data Analytics,What is the purpose of a scatter plot?,A scatter plot is used to visualize the relationship between two numerical variables.
KPIT Tech,Data Analytics,Explain the concept of regression analysis.,Regression analysis is a statistical method used to model the relationship between a dependent variable and one or more independent variables.
KPIT Tech,Data Science,What is the CRISP-DM process?,CRISP-DM is a data mining process model that stands for Cross-Industry Standard Process for Data Mining.
KPIT Tech,Data Science,Explain the difference between supervised and unsupervised learning.,"Supervised learning uses labeled data for training, while unsupervised learning uses unlabeled data to find patterns."
KPIT Tech,Data Science,What is the purpose of feature engineering?,Feature engineering involves creating new features from raw data to improve the performance of machine learning models.
KPIT Tech,Data Science,What is the importance of data cleaning?,"Data cleaning is crucial for removing errors and inconsistencies in data, leading to more accurate analyses."
KPIT Tech,Data Science,Explain the concept of clustering.,Clustering is an unsupervised learning technique used to group similar data points together.
KPIT Tech,Data Science,What is the role of a data scientist?,A data scientist analyzes and interprets complex data to help organizations make informed decisions.
KPIT Tech,Data Science,What is the difference between a data lake and a data warehouse?,"A data lake stores raw data in its native format, while a data warehouse stores structured and processed data for analysis."
KPIT Tech,Data Science,What is the purpose of A/B testing?,A/B testing is a method used to compare two versions of a variable to determine which one performs better.
KPIT Tech,Data Science,What is a decision tree?,A decision tree is a flowchart-like structure used for decision making and predictive modeling.
KPIT Tech,Data Science,What is the importance of data visualization?,Data visualization helps to communicate complex data insights in a clear and understandable way.
Persistent,ML,Explain the difference between supervised and unsupervised learning.,"Supervised learning involves training a model on labeled data, whereas unsupervised learning involves using data without labels."
Persistent,ML,What is overfitting in machine learning?,"Overfitting occurs when a model learns the noise in the training data, causing it to perform poorly on new, unseen data."
Persistent,ML,What is a confusion matrix?,"A confusion matrix is a table used to evaluate the performance of a classification model, showing true positives, false positives, true negatives, and false negatives."
Persistent,ML,Explain the bias-variance tradeoff.,The bias-variance tradeoff is the balance between the error due to bias (error from erroneous assumptions) and variance (error from sensitivity to small fluctuations in the training set).
Persistent,ML,What is cross-validation?,Cross-validation is a technique for assessing how a model will generalize to an independent dataset by partitioning the data into subsets and training/testing multiple times.
Persistent,ML,What is the purpose of regularization in machine learning?,Regularization techniques are used to prevent overfitting by adding a penalty to the loss function for large coefficients.
Persistent,ML,How does a decision tree work?,"A decision tree splits the data into subsets based on the value of input features, creating branches until it reaches a decision or leaf node."
Persistent,ML,What is ensemble learning?,Ensemble learning combines multiple models to improve overall performance by reducing variance and bias.
Persistent,ML,Explain the concept of a neural network.,A neural network is a series of algorithms that attempts to recognize underlying relationships in a set of data through a process that mimics the way the human brain operates.
Persistent,ML,What is a support vector machine?,A support vector machine is a supervised learning algorithm that can classify data by finding the optimal hyperplane that separates different classes.
Persistent,NLP,What is tokenization in NLP?,"Tokenization is the process of splitting text into smaller pieces, such as words or sentences."
Persistent,NLP,Explain the concept of stemming and lemmatization.,"Stemming reduces words to their base or root form, while lemmatization reduces words to their base or dictionary form."
Persistent,NLP,What is a Bag of Words (BoW) model?,"A Bag of Words model represents text data as a collection of individual words, disregarding grammar and word order."
Persistent,NLP,How does TF-IDF work?,TF-IDF stands for Term Frequency-Inverse Document Frequency. It evaluates the importance of a word in a document relative to a collection of documents.
Persistent,NLP,What are word embeddings?,"Word embeddings are vector representations of words that capture their meanings, semantic relationships, and context."
Persistent,NLP,Explain the use of a Recurrent Neural Network (RNN) in NLP.,"RNNs are a type of neural network designed to recognize patterns in sequences of data, such as text, by maintaining a 'memory' of previous inputs."
Persistent,NLP,What is named entity recognition (NER)?,"NER is a subtask of information extraction that identifies and classifies named entities in text into predefined categories such as names of people, organizations, locations, etc."
Persistent,NLP,How is sentiment analysis performed?,"Sentiment analysis involves determining the sentiment expressed in a piece of text, which can be positive, negative, or neutral."
Persistent,NLP,What is the purpose of an attention mechanism in NLP?,"Attention mechanisms help models focus on important parts of the input sequence when making predictions, improving performance in tasks like translation and summarization."
Persistent,NLP,Explain the Transformer model in NLP.,"The Transformer model is an architecture that uses self-attention mechanisms to process input sequences in parallel, improving performance on tasks like translation and text generation."
Persistent,Python,How do you handle exceptions in Python?,Exceptions in Python are handled using try-except blocks.
Persistent,Python,What are Python decorators?,Decorators are a way to modify or enhance functions or methods without changing their actual code.
Persistent,Python,Explain the difference between lists and tuples in Python.,"Lists are mutable and can be modified after creation, whereas tuples are immutable and cannot be changed after creation."
Persistent,Python,How does Python's garbage collection work?,Python uses a reference counting system and a cyclic garbage collector to manage memory and clean up unused objects.
Persistent,Python,What are list comprehensions in Python?,List comprehensions provide a concise way to create lists by specifying an expression and a for loop within square brackets.
Persistent,Python,How do you read and write files in Python?,"Files in Python can be read and written using built-in functions like open(), read(), write(), and close()."
Persistent,Python,Explain the concept of generators in Python.,"Generators are a type of iterable that allow you to iterate over values lazily, producing items only when requested using the yield keyword."
Persistent,Python,What is the difference between deep copy and shallow copy?,A shallow copy creates a new object but inserts references into it to the objects found in the original. A deep copy creates a new object and recursively copies all objects found in the original.
Persistent,Python,How do you manage packages in Python?,Packages in Python are managed using tools like pip and virtual environments.
Persistent,Python,What are lambda functions?,"Lambda functions are small anonymous functions defined using the lambda keyword, typically used for short-term operations."
Persistent,Data Analytics,What is the difference between data analytics and data science?,"Data analytics focuses on examining datasets to draw conclusions, whereas data science involves using algorithms, statistics, and technology to solve complex problems."
Persistent,Data Analytics,Explain the concept of A/B testing.,A/B testing compares two versions of a web page or app to determine which one performs better by showing them to different segments of users.
Persistent,Data Analytics,What are outliers and how do you handle them?,"Outliers are data points that differ significantly from other observations. They can be handled by removing, transforming, or treating them with special techniques."
Persistent,Data Analytics,How do you interpret a p-value?,"A p-value indicates the probability of obtaining test results at least as extreme as the results observed, under the assumption that the null hypothesis is true."
Persistent,Data Analytics,What is the purpose of exploratory data analysis (EDA)?,"EDA is used to summarize the main characteristics of a dataset, often with visual methods, to discover patterns, anomalies, and hypotheses."
Persistent,Data Analytics,Explain the use of regression analysis.,"Regression analysis is used to understand the relationship between dependent and independent variables, often for prediction and forecasting."
Persistent,Data Analytics,What is the difference between correlation and causation?,"Correlation is a statistical measure that indicates the extent to which two variables fluctuate together, while causation indicates that one event is the result of the occurrence of the other event."
Persistent,Data Analytics,What are some common data visualization techniques?,"Common data visualization techniques include bar charts, histograms, pie charts, line graphs, scatter plots, and heatmaps."
Persistent,Data Analytics,How do you handle missing data?,"Missing data can be handled by imputation, deletion, or using algorithms that support missing values."
Persistent,Data Analytics,Explain the concept of a time series analysis.,"Time series analysis involves analyzing time-ordered data points to identify trends, seasonal patterns, and other characteristics over time."
Persistent,Data Science,What is the CRISP-DM methodology?,"CRISP-DM stands for Cross-Industry Standard Process for Data Mining, a process model with six phases: business understanding, data understanding, data preparation, modeling, evaluation, and deployment."
Persistent,Data Science,Explain the concept of feature engineering.,Feature engineering involves creating new features from raw data to improve the performance of machine learning models.
Persistent,Data Science,What is a confusion matrix?,A confusion matrix is a table used to evaluate the performance of a classification model by comparing predicted and actual values.
Persistent,Data Science,How do you choose the right evaluation metric for your model?,"Choosing the right evaluation metric depends on the problem context, such as accuracy for balanced datasets, precision and recall for imbalanced datasets, and RMSE for regression tasks."
Persistent,Data Science,What is the difference between bagging and boosting?,"Bagging is an ensemble method that combines the predictions of multiple models to reduce variance, while boosting combines models sequentially to reduce bias."
Persistent,Data Science,Explain the concept of a ROC curve.,A ROC curve is a graphical plot that illustrates the diagnostic ability of a binary classifier system as its discrimination threshold is varied.
Persistent,Data Science,What are the steps involved in a typical data science project?,"Steps include problem definition, data collection, data cleaning, exploratory data analysis, feature engineering, model training, model evaluation, and deployment."
Persistent,Data Science,How do you handle imbalanced datasets?,"Techniques to handle imbalanced datasets include resampling, using different evaluation metrics, and applying algorithms that account for class imbalance."
Persistent,Data Science,What is the difference between parametric and non-parametric models?,"Parametric models assume a specific form for the data distribution, while non-parametric models do not make such assumptions and can model more complex relationships."
Persistent,Data Science,What are some common pitfalls in data science projects?,"Common pitfalls include data leakage, overfitting, underfitting, ignoring data quality issues, and failing to validate models properly."
Splunk,Machine Learning,What is regularization in machine learning?,Regularization is a technique used to prevent overfitting by adding a penalty to the model's complexity.
Splunk,Machine Learning,Which cross-validation technique is best for time-series data?,Time series cross-validation is best because it respects the temporal order of the data.
Splunk,Machine Learning,How do you handle missing data in machine learning?,You can handle missing data by using techniques such as imputation
Splunk,Machine Learning,What is the difference between bagging and boosting?,Bagging reduces variance by averaging multiple models
Splunk,Machine Learning,Explain the bias-variance tradeoff.,The bias-variance tradeoff is the balance between a model's ability to generalize and its complexity.
Splunk,Machine Learning,What are ensemble methods?,Ensemble methods combine multiple models to improve performance
Splunk,Machine Learning,What is a confusion matrix?,A confusion matrix is a table used to evaluate the performance of a classification model.
Splunk,Machine Learning,How do you evaluate the performance of a regression model?,You can evaluate a regression model using metrics like RMSE
Splunk,Machine Learning,What is feature scaling and why is it important?,Feature scaling standardizes the range of features
Splunk,Machine Learning,What is the difference between L1 and L2 regularization?,L1 regularization adds the absolute value of the coefficients as a penalty term
Splunk,NLP,What is tokenization in NLP?,Tokenization is the process of splitting text into individual words or phrases.
Splunk,NLP,Explain the concept of word embeddings.,Word embeddings are vector representations of words capturing their meanings and relationships.
Splunk,NLP,What is the difference between lemmatization and stemming?,Stemming cuts words to their base form
Splunk,NLP,What is a bag-of-words model?,A bag-of-words model represents text as the frequency of words
Splunk,NLP,How does TF-IDF work?,TF-IDF scores words based on their frequency in a document and inverse frequency across documents.
Splunk,NLP,What are stop words in NLP?,"Stop words are common words like ""the"" and ""is"" that are often removed in preprocessing."
Splunk,NLP,What is named entity recognition (NER)?,NER is the process of identifying and classifying entities like names
Splunk,NLP,What is the purpose of sentiment analysis?,Sentiment analysis aims to determine the emotional tone behind a piece of text.
Splunk,NLP,How do recurrent neural networks (RNNs) work?,RNNs process sequences of data by maintaining a hidden state that captures information from previous inputs.
Splunk,NLP,What is the transformer model in NLP?,The transformer model uses self-attention mechanisms to handle dependencies in input data more effectively than RNNs.
Splunk,Python,How do you handle missing values in a DataFrame?,You can handle missing values using `dropna()`
Splunk,Python,What is the difference between a list and a tuple?,A list is mutable
Splunk,Python,How do you create a virtual environment in Python?,Use `venv` or `virtualenv` to create isolated environments for projects.
Splunk,Python,Explain the use of decorators in Python.,Decorators modify the behavior of functions or methods without changing their code.
Splunk,Python,What is list comprehension?,List comprehension provides a concise way to create lists using a single line of code.
Splunk,Python,How do you read a CSV file in Python?,You can read a CSV file using `pandas.read_csv()` function.
Splunk,Python,What are lambda functions?,Lambda functions are anonymous functions defined with the `lambda` keyword.
Splunk,Python,How does exception handling work in Python?,Exception handling is done using `try`
Splunk,Python,What is the difference between `__init__` and `__new__`?,`__init__` initializes an instance
Splunk,Python,How do you merge two dictionaries in Python?,You can merge dictionaries using the `update()` method or the `{**d1
Splunk,Data Analytics,What is data normalization and why is it important?,Data normalization scales data to a standard range
Splunk,Data Analytics,Explain the difference between OLAP and OLTP.,OLAP is used for data analysis and reporting
Splunk,Data Analytics,What are the steps in a data analysis process?,The steps include data collection
Splunk,Data Analytics,How do you handle outliers in a dataset?,Outliers can be handled by removing
Splunk,Data Analytics,What is the purpose of data visualization?,Data visualization helps in understanding data patterns
Splunk,Data Analytics,Explain the concept of A/B testing.,A/B testing compares two versions of a variable to determine which one performs better.
Splunk,Data Analytics,What is the difference between supervised and unsupervised learning?,Supervised learning uses labeled data to train models
Splunk,Data Analytics,What are the key differences between SQL and NoSQL databases?,SQL databases are relational and use structured query language
Splunk,Data Analytics,How do you ensure data quality?,Data quality is ensured through validation
Splunk,Data Analytics,What is a pivot table?,A pivot table summarizes and reorganizes data to draw meaningful insights and perform analysis.
Splunk,Data Science,What is the difference between data science and data analytics?,Data science focuses on predictive modeling and algorithms
Splunk,Data Science,Explain the concept of machine learning.,Machine learning is a subset of AI that enables systems to learn and improve from experience without being explicitly programmed.
Splunk,Data Science,What are the main steps in a data science project?,The main steps include defining the problem
Splunk,Data Science,What is the role of a data scientist?,A data scientist analyzes complex data to help organizations make informed decisions.
Splunk,Data Science,What is cross-validation and why is it important?,Cross-validation is a technique to evaluate the generalizability of a model by partitioning data into training and testing sets.
Splunk,Data Science,Explain the concept of feature engineering.,Feature engineering involves creating new features or transforming existing ones to improve model performance.
Splunk,Data Science,What is a confusion matrix?,A confusion matrix is a tool to evaluate the performance of a classification algorithm by showing the true and false positives and negatives.
Splunk,Data Science,How do you handle imbalanced datasets?,Imbalanced datasets can be handled using techniques like resampling
Splunk,Data Science,What are the common metrics for evaluating a regression model?,Common metrics include Mean Absolute Error (MAE)
Splunk,Data Science,What is the difference between precision and recall?,Precision measures the accuracy of positive predictions
Tech Mahindra,Machine Learning,What is the difference between a generative and a discriminative model?,"Generative models learn the joint probability distribution of input and output, while discriminative models learn the conditional probability."
Tech Mahindra,Machine Learning,Explain the concept of a neural network and its components.,"A neural network is composed of layers of neurons, including input, hidden, and output layers, connected by weights."
Tech Mahindra,Machine Learning,What is feature scaling and why is it important?,"Feature scaling standardizes the range of features, which helps in improving the performance of some machine learning algorithms."
Tech Mahindra,Machine Learning,How do you handle multicollinearity in regression models?,"Multicollinearity can be handled by removing highly correlated features, using PCA, or regularization techniques."
Tech Mahindra,Machine Learning,What is the difference between L1 and L2 regularization?,"L1 regularization (Lasso) adds an absolute value penalty to the loss function, while L2 regularization (Ridge) adds a squared value penalty."
Tech Mahindra,Machine Learning,Describe the concept of clustering and name some clustering algorithms.,"Clustering groups similar data points together, and algorithms include k-means, hierarchical clustering, and DBSCAN."
Tech Mahindra,Machine Learning,How does a random forest algorithm work?,A random forest builds multiple decision trees and combines their outputs to improve accuracy and reduce overfitting.
Tech Mahindra,Machine Learning,What is the curse of dimensionality?,The curse of dimensionality refers to the exponential increase in data required to maintain model performance as dimensions increase.
Tech Mahindra,Machine Learning,Explain the concept of a kernel trick in SVM.,A kernel trick transforms data into a higher-dimensional space to make it linearly separable in SVM.
Tech Mahindra,Machine Learning,How do you evaluate the performance of a classification model?,"The performance of a classification model is evaluated using metrics like accuracy, precision, recall, F1-score, and AUC-ROC."
Tech Mahindra,NLP,What is word2vec and how does it work?,word2vec is a technique to create word embeddings by training a neural network on text corpus to predict context words.
Tech Mahindra,NLP,"Explain the difference between a unigram, bigram, and trigram.","A unigram is a single word, a bigram is a pair of consecutive words, and a trigram is a triplet of consecutive words."
Tech Mahindra,NLP,What is the role of a language model in NLP?,A language model predicts the probability distribution of a sequence of words in a language.
Tech Mahindra,NLP,Describe the concept of semantic analysis.,Semantic analysis involves understanding the meaning and interpretation of words and sentences in context.
Tech Mahindra,NLP,What is cosine similarity and how is it used in NLP?,"Cosine similarity measures the cosine of the angle between two vectors, used to determine the similarity between text documents."
Tech Mahindra,NLP,Explain the concept of word sense disambiguation.,Word sense disambiguation identifies the correct meaning of a word based on its context.
Tech Mahindra,NLP,How do you implement text classification?,"Text classification assigns predefined categories to text documents using algorithms like Naive Bayes, SVM, and neural networks."
Tech Mahindra,NLP,What is the difference between lexical analysis and syntactic analysis?,"Lexical analysis breaks down text into tokens, while syntactic analysis parses tokens to understand grammar and structure."
Tech Mahindra,NLP,What are the applications of NLP in real life?,"Applications of NLP include chatbots, sentiment analysis, machine translation, and information retrieval."
Tech Mahindra,NLP,How does machine translation work?,Machine translation uses algorithms and models to automatically translate text from one language to another.
Tech Mahindra,Python,What is the difference between a list and a tuple in Python?,"A list is mutable and can be modified after creation, while a tuple is immutable and cannot be changed."
Tech Mahindra,Python,How do you implement inheritance in Python?,Inheritance in Python is implemented by defining a class that inherits from another class using parentheses.
Tech Mahindra,Python,What are Python modules and packages?,"Python modules are single files of Python code, and packages are collections of modules in directories with an __init__.py file."
Tech Mahindra,Python,Explain the use of *args and **kwargs in Python functions.,"*args allows a function to accept a variable number of positional arguments, while **kwargs allows for a variable number of keyword arguments."
Tech Mahindra,Python,What is a list comprehension? Give an example.,List comprehension provides a concise way to create lists. Example: [x**2 for x in range(10)].
Tech Mahindra,Python,How do you handle missing data in Python?,"Missing data in Python can be handled using techniques like filling with mean/median, forward fill, or using libraries like pandas."
Tech Mahindra,Python,What is the use of the map() function in Python?,The map() function applies a given function to all items in an input list.
Tech Mahindra,Python,How do you implement multithreading in Python?,"Multithreading in Python can be implemented using the threading module, allowing multiple threads to run concurrently."
Tech Mahindra,Python,Explain the concept of duck typing in Python.,"Duck typing in Python means an object's suitability is determined by the presence of certain methods and properties, not the object's type."
Tech Mahindra,Python,What is the difference between '==' and 'is' in Python?,"The '==' operator checks for value equality, while 'is' checks for identity (whether they are the same object in memory)."
Tech Mahindra,Data Analytics,What is the importance of exploratory data analysis?,"Exploratory data analysis helps understand data characteristics, detect anomalies, and identify patterns using statistical and visual methods."
Tech Mahindra,Data Analytics,How do you perform data validation?,"Data validation ensures data quality and accuracy by checking for consistency, completeness, and correctness."
Tech Mahindra,Data Analytics,What is a heatmap and when would you use it?,"A heatmap is a data visualization tool that uses color coding to represent data values, useful for showing correlations."
Tech Mahindra,Data Analytics,Explain the difference between descriptive and inferential statistics.,"Descriptive statistics summarize data (mean, median, mode), while inferential statistics make predictions or inferences about a population."
Tech Mahindra,Data Analytics,How do you use Python for data analysis?,"Python can be used for data analysis through libraries like pandas, numpy, matplotlib, and seaborn."
Tech Mahindra,Data Analytics,What are the benefits of data visualization?,"Data visualization helps communicate insights effectively through visual representations like charts, graphs, and plots."
Tech Mahindra,Data Analytics,What is the role of a business analyst in data analytics?,"A business analyst identifies business needs, analyzes processes, and uses data to support decision-making."
Tech Mahindra,Data Analytics,Explain the concept of data blending.,Data blending combines data from multiple sources to create a unified dataset for analysis.
Tech Mahindra,Data Analytics,How do you manage and clean large datasets?,"Managing and cleaning large datasets involves techniques like indexing, sampling, and using efficient data structures."
Tech Mahindra,Data Analytics,What are the common data formats used in data analytics?,"Common data formats in data analytics include CSV, JSON, XML, and SQL databases."
Tech Mahindra,Data Science,What is deep learning and how does it differ from traditional machine learning?,"Deep learning is a subset of machine learning involving neural networks with many layers, capable of learning complex patterns."
Tech Mahindra,Data Science,How do you handle missing values in a dataset?,"Missing values can be handled by imputation, deletion, or using models that can handle missing data."
Tech Mahindra,Data Science,Explain the concept of a convolutional neural network.,A convolutional neural network (CNN) is a type of neural network used primarily for image recognition tasks.
Tech Mahindra,Data Science,What is transfer learning and how is it used?,"Transfer learning uses a pre-trained model on a new, but similar task, reducing the need for large amounts of data."
Tech Mahindra,Data Science,How do you deploy a machine learning model?,Deploying a machine learning model involves integrating it into a production environment to make predictions on new data.
Tech Mahindra,Data Science,What is the role of feature engineering in data science?,Feature engineering creates new features from raw data to improve model performance.
Tech Mahindra,Data Science,"Explain the difference between supervised, unsupervised, and reinforcement learning.","Supervised learning uses labeled data, unsupervised learning uses unlabeled data, and reinforcement learning learns from actions and rewards."
Tech Mahindra,Data Science,How do you use k-means clustering?,"K-means clustering partitions data into K clusters, where each data point belongs to the cluster with the nearest mean."
Tech Mahindra,Data Science,What are the ethical considerations in data science?,"Ethical considerations in data science include ensuring privacy, avoiding bias, and maintaining transparency in models."
Tech Mahindra,Data Science,How do you ensure the security and privacy of data in data science projects?,"Ensuring security and privacy involves using encryption, access controls, and adhering to data protection regulations."
